"Raw.Score","Raw.Score.par.","Raw.Score.par.err.","Prob.mod_sev","Prob.sev","wt"
0,-1.77684147405158,0.653146318479555,0,0,4153.4121
0,-1.77684147405158,0.653146318479555,0,0,3978.3157
2,-0.934338094503246,0.422781859633178,0.0704455364893262,1.50425227829487e-11,4310.0537
0,-1.77684147405158,0.653146318479555,0,0,4720.6499
0,-1.77684147405158,0.653146318479555,0,0,12100.966
0,-1.77684147405158,0.653146318479555,0,0,2220.0879
6,0.881059375850325,0.496187976037675,0.991892658486234,0.022522595820635,2198.0964
1,-1.40725905801574,0.500290314736221,0.014274925886527,2.65848454361617e-11,2154.114
3,-0.525831905516601,0.416499632421234,0.303666959892184,4.06857003643069e-09,4382.7329
2,-0.934338094503246,0.422781859633178,0.0704455364893262,1.50425227829487e-11,4999.29
1,-1.40725905801574,0.500290314736221,0.014274925886527,2.65848454361617e-11,5030.8926
3,-0.525831905516601,0.416499632421234,0.303666959892184,4.06857003643069e-09,4323.4404
5,0.351112606128591,0.460383297944477,0.925054180266929,0.000464478468589102,4213.0952
3,-0.525831905516601,0.416499632421234,0.303666959892184,4.06857003643069e-09,4354.9678
5,0.351112606128591,0.460383297944477,0.925054180266929,0.000464478468589102,5374.2524
2,-0.934338094503246,0.422781859633178,0.0704455364893262,1.50425227829487e-11,18731.156
2,-0.934338094503246,0.422781859633178,0.0704455364893262,1.50425227829487e-11,17722.318
0,-1.77684147405158,0.653146318479555,0,0,5875.6938
6,0.881059375850325,0.496187976037675,0.991892658486234,0.022522595820635,4363.3008
1,-1.40725905801574,0.500290314736221,0.014274925886527,2.65848454361617e-11,4387.7095
1,-1.40725905801574,0.500290314736221,0.014274925886527,2.65848454361617e-11,4493.686
7,1.56214050169951,0.600849363883355,0.999092112609984,0.300979201038769,4151.3926
3,-0.525831905516601,0.416499632421234,0.303666959892184,4.06857003643069e-09,5771.3809
3,-0.525831905516601,0.416499632421234,0.303666959892184,4.06857003643069e-09,6739.769
5,0.351112606128591,0.460383297944477,0.925054180266929,0.000464478468589102,23744.02
3,-0.525831905516601,0.416499632421234,0.303666959892184,4.06857003643069e-09,10072.798
3,-0.525831905516601,0.416499632421234,0.303666959892184,4.06857003643069e-09,10172.759
2,-0.934338094503246,0.422781859633178,0.0704455364893262,1.50425227829487e-11,12280.567
6,0.881059375850325,0.496187976037675,0.991892658486234,0.022522595820635,6789.0225
5,0.351112606128591,0.460383297944477,0.925054180266929,0.000464478468589102,6955.7983
0,-1.77684147405158,0.653146318479555,0,0,6360.2554
5,0.351112606128591,0.460383297944477,0.925054180266929,0.000464478468589102,12148.5
5,0.351112606128591,0.460383297944477,0.925054180266929,0.000464478468589102,15237.857
3,-0.525831905516601,0.416499632421234,0.303666959892184,4.06857003643069e-09,9325.623
5,0.351112606128591,0.460383297944477,0.925054180266929,0.000464478468589102,7617.8789
5,0.351112606128591,0.460383297944477,0.925054180266929,0.000464478468589102,8165.8745
0,-1.77684147405158,0.653146318479555,0,0,10689.335
4,-0.113577745652717,0.432588879193406,0.6766038650032,2.13118915004529e-06,2925.1687
3,-0.525831905516601,0.416499632421234,0.303666959892184,4.06857003643069e-09,8200.4814
5,0.351112606128591,0.460383297944477,0.925054180266929,0.000464478468589102,3618.2495
5,0.351112606128591,0.460383297944477,0.925054180266929,0.000464478468589102,3532.127
3,-0.525831905516601,0.416499632421234,0.303666959892184,4.06857003643069e-09,3048.5869
3,-0.525831905516601,0.416499632421234,0.303666959892184,4.06857003643069e-09,3532.127
3,-0.525831905516601,0.416499632421234,0.303666959892184,4.06857003643069e-09,2802.5425
0,-1.77684147405158,0.653146318479555,0,0,3089.802
4,-0.113577745652717,0.432588879193406,0.6766038650032,2.13118915004529e-06,2963.1597
3,-0.525831905516601,0.416499632421234,0.303666959892184,4.06857003643069e-09,4394.2681
3,-0.525831905516601,0.416499632421234,0.303666959892184,4.06857003643069e-09,3185.5508
3,-0.525831905516601,0.416499632421234,0.303666959892184,4.06857003643069e-09,20756.811
2,-0.934338094503246,0.422781859633178,0.0704455364893262,1.50425227829487e-11,2302.4309
8,2.12026108964473,0.653146318479555,0.999901802184479,0.646053571341927,2670.395
0,-1.77684147405158,0.653146318479555,0,0,3069.8843
1,-1.40725905801574,0.500290314736221,0.014274925886527,2.65848454361617e-11,3230.8899
8,2.12026108964473,0.653146318479555,0.999901802184479,0.646053571341927,3760.7043
3,-0.525831905516601,0.416499632421234,0.303666959892184,4.06857003643069e-09,3739.0701
8,2.12026108964473,0.653146318479555,0.999901802184479,0.646053571341927,5213.5098
4,-0.113577745652717,0.432588879193406,0.6766038650032,2.13118915004529e-06,1403.582
8,2.12026108964473,0.653146318479555,0.999901802184479,0.646053571341927,1686.5862
3,-0.525831905516601,0.416499632421234,0.303666959892184,4.06857003643069e-09,1955.1095
1,-1.40725905801574,0.500290314736221,0.014274925886527,2.65848454361617e-11,1733.1047
3,-0.525831905516601,0.416499632421234,0.303666959892184,4.06857003643069e-09,1738.0055
6,0.881059375850325,0.496187976037675,0.991892658486234,0.022522595820635,1841.9381
8,2.12026108964473,0.653146318479555,0.999901802184479,0.646053571341927,2593.123
0,-1.77684147405158,0.653146318479555,0,0,2737.3862
5,0.351112606128591,0.460383297944477,0.925054180266929,0.000464478468589102,2728.9751
4,-0.113577745652717,0.432588879193406,0.6766038650032,2.13118915004529e-06,3269.376
0,-1.77684147405158,0.653146318479555,0,0,16431.152
3,-0.525831905516601,0.416499632421234,0.303666959892184,4.06857003643069e-09,4402.374
5,0.351112606128591,0.460383297944477,0.925054180266929,0.000464478468589102,4402.374
4,-0.113577745652717,0.432588879193406,0.6766038650032,2.13118915004529e-06,6612.7544
3,-0.525831905516601,0.416499632421234,0.303666959892184,4.06857003643069e-09,2571.5391
2,-0.934338094503246,0.422781859633178,0.0704455364893262,1.50425227829487e-11,2830.4717
6,0.881059375850325,0.496187976037675,0.991892658486234,0.022522595820635,2590.2063
3,-0.525831905516601,0.416499632421234,0.303666959892184,4.06857003643069e-09,2728.915
5,0.351112606128591,0.460383297944477,0.925054180266929,0.000464478468589102,2586.0583
4,-0.113577745652717,0.432588879193406,0.6766038650032,2.13118915004529e-06,2975.8767
3,-0.525831905516601,0.416499632421234,0.303666959892184,4.06857003643069e-09,4609.9775
0,-1.77684147405158,0.653146318479555,0,0,3801.2048
0,-1.77684147405158,0.653146318479555,0,0,3755.8735
7,1.56214050169951,0.600849363883355,0.999092112609984,0.300979201038769,5429.0967
0,-1.77684147405158,0.653146318479555,0,0,3976.9158
3,-0.525831905516601,0.416499632421234,0.303666959892184,4.06857003643069e-09,5494.3389
0,-1.77684147405158,0.653146318479555,0,0,3767.8286
3,-0.525831905516601,0.416499632421234,0.303666959892184,4.06857003643069e-09,4569.2383
5,0.351112606128591,0.460383297944477,0.925054180266929,0.000464478468589102,3827.7034
5,0.351112606128591,0.460383297944477,0.925054180266929,0.000464478468589102,3466.554
2,-0.934338094503246,0.422781859633178,0.0704455364893262,1.50425227829487e-11,1762.7229
4,-0.113577745652717,0.432588879193406,0.6766038650032,2.13118915004529e-06,1812.283
4,-0.113577745652717,0.432588879193406,0.6766038650032,2.13118915004529e-06,1900.8577
6,0.881059375850325,0.496187976037675,0.991892658486234,0.022522595820635,1808.0049
4,-0.113577745652717,0.432588879193406,0.6766038650032,2.13118915004529e-06,1717.6219
3,-0.525831905516601,0.416499632421234,0.303666959892184,4.06857003643069e-09,1795.2466
4,-0.113577745652717,0.432588879193406,0.6766038650032,2.13118915004529e-06,1923.9553
5,0.351112606128591,0.460383297944477,0.925054180266929,0.000464478468589102,1717.0199
1,-1.40725905801574,0.500290314736221,0.014274925886527,2.65848454361617e-11,1368.7416
5,0.351112606128591,0.460383297944477,0.925054180266929,0.000464478468589102,1368.7416
3,-0.525831905516601,0.416499632421234,0.303666959892184,4.06857003643069e-09,8230.7344
4,-0.113577745652717,0.432588879193406,0.6766038650032,2.13118915004529e-06,6824.1968
8,2.12026108964473,0.653146318479555,0.999901802184479,0.646053571341927,6234.9268
7,1.56214050169951,0.600849363883355,0.999092112609984,0.300979201038769,8151.7876
4,-0.113577745652717,0.432588879193406,0.6766038650032,2.13118915004529e-06,3039.8882
4,-0.113577745652717,0.432588879193406,0.6766038650032,2.13118915004529e-06,3358.4219
3,-0.525831905516601,0.416499632421234,0.303666959892184,4.06857003643069e-09,2994.1365
4,-0.113577745652717,0.432588879193406,0.6766038650032,2.13118915004529e-06,2834.0056
3,-0.525831905516601,0.416499632421234,0.303666959892184,4.06857003643069e-09,14994.437
1,-1.40725905801574,0.500290314736221,0.014274925886527,2.65848454361617e-11,14994.437
3,-0.525831905516601,0.416499632421234,0.303666959892184,4.06857003643069e-09,4988.4414
4,-0.113577745652717,0.432588879193406,0.6766038650032,2.13118915004529e-06,5161.396
4,-0.113577745652717,0.432588879193406,0.6766038650032,2.13118915004529e-06,3632.6323
6,0.881059375850325,0.496187976037675,0.991892658486234,0.022522595820635,3472.614
1,-1.40725905801574,0.500290314736221,0.014274925886527,2.65848454361617e-11,3483.1174
2,-0.934338094503246,0.422781859633178,0.0704455364893262,1.50425227829487e-11,5267.4297
1,-1.40725905801574,0.500290314736221,0.014274925886527,2.65848454361617e-11,2351.0532
7,1.56214050169951,0.600849363883355,0.999092112609984,0.300979201038769,2281.228
2,-0.934338094503246,0.422781859633178,0.0704455364893262,1.50425227829487e-11,4334.915
5,0.351112606128591,0.460383297944477,0.925054180266929,0.000464478468589102,2053.5518
4,-0.113577745652717,0.432588879193406,0.6766038650032,2.13118915004529e-06,1611.7778
6,0.881059375850325,0.496187976037675,0.991892658486234,0.022522595820635,1793.3734
3,-0.525831905516601,0.416499632421234,0.303666959892184,4.06857003643069e-09,4088.4702
5,0.351112606128591,0.460383297944477,0.925054180266929,0.000464478468589102,10363.669
3,-0.525831905516601,0.416499632421234,0.303666959892184,4.06857003643069e-09,6404.416
3,-0.525831905516601,0.416499632421234,0.303666959892184,4.06857003643069e-09,3612.7236
5,0.351112606128591,0.460383297944477,0.925054180266929,0.000464478468589102,3836.5159
0,-1.77684147405158,0.653146318479555,0,0,3688.8667
1,-1.40725905801574,0.500290314736221,0.014274925886527,2.65848454361617e-11,4053.0769
5,0.351112606128591,0.460383297944477,0.925054180266929,0.000464478468589102,3845.5845
5,0.351112606128591,0.460383297944477,0.925054180266929,0.000464478468589102,2125.0513
0,-1.77684147405158,0.653146318479555,0,0,2318.6182
3,-0.525831905516601,0.416499632421234,0.303666959892184,4.06857003643069e-09,3202.2573
1,-1.40725905801574,0.500290314736221,0.014274925886527,2.65848454361617e-11,2756.6177
5,0.351112606128591,0.460383297944477,0.925054180266929,0.000464478468589102,6595.8208
2,-0.934338094503246,0.422781859633178,0.0704455364893262,1.50425227829487e-11,2332.4377
1,-1.40725905801574,0.500290314736221,0.014274925886527,2.65848454361617e-11,2264.7617
4,-0.113577745652717,0.432588879193406,0.6766038650032,2.13118915004529e-06,2453.9829
5,0.351112606128591,0.460383297944477,0.925054180266929,0.000464478468589102,3110.2578
3,-0.525831905516601,0.416499632421234,0.303666959892184,4.06857003643069e-09,3191.271
2,-0.934338094503246,0.422781859633178,0.0704455364893262,1.50425227829487e-11,3707.8376
3,-0.525831905516601,0.416499632421234,0.303666959892184,4.06857003643069e-09,3070.0403
4,-0.113577745652717,0.432588879193406,0.6766038650032,2.13118915004529e-06,3195.9121
3,-0.525831905516601,0.416499632421234,0.303666959892184,4.06857003643069e-09,2587.8225
1,-1.40725905801574,0.500290314736221,0.014274925886527,2.65848454361617e-11,2662.5698
2,-0.934338094503246,0.422781859633178,0.0704455364893262,1.50425227829487e-11,2806.075
0,-1.77684147405158,0.653146318479555,0,0,2733.8083
3,-0.525831905516601,0.416499632421234,0.303666959892184,4.06857003643069e-09,2664.636
2,-0.934338094503246,0.422781859633178,0.0704455364893262,1.50425227829487e-11,3450.2087
0,-1.77684147405158,0.653146318479555,0,0,3602.2256
2,-0.934338094503246,0.422781859633178,0.0704455364893262,1.50425227829487e-11,2145.1089
4,-0.113577745652717,0.432588879193406,0.6766038650032,2.13118915004529e-06,1719.1055
0,-1.77684147405158,0.653146318479555,0,0,1119.3701
1,-1.40725905801574,0.500290314736221,0.014274925886527,2.65848454361617e-11,2392.9055
2,-0.934338094503246,0.422781859633178,0.0704455364893262,1.50425227829487e-11,1896.6721
0,-1.77684147405158,0.653146318479555,0,0,1840.0929
0,-1.77684147405158,0.653146318479555,0,0,4500.686
2,-0.934338094503246,0.422781859633178,0.0704455364893262,1.50425227829487e-11,13476.678
1,-1.40725905801574,0.500290314736221,0.014274925886527,2.65848454361617e-11,5018.7998
0,-1.77684147405158,0.653146318479555,0,0,7630.2686
4,-0.113577745652717,0.432588879193406,0.6766038650032,2.13118915004529e-06,2108.7954
0,-1.77684147405158,0.653146318479555,0,0,2508.6904
4,-0.113577745652717,0.432588879193406,0.6766038650032,2.13118915004529e-06,2905.5212
4,-0.113577745652717,0.432588879193406,0.6766038650032,2.13118915004529e-06,2306.6865
0,-1.77684147405158,0.653146318479555,0,0,1989.663
0,-1.77684147405158,0.653146318479555,0,0,1559.9636
4,-0.113577745652717,0.432588879193406,0.6766038650032,2.13118915004529e-06,3810.9275
2,-0.934338094503246,0.422781859633178,0.0704455364893262,1.50425227829487e-11,11860.141
5,0.351112606128591,0.460383297944477,0.925054180266929,0.000464478468589102,4510.0303
1,-1.40725905801574,0.500290314736221,0.014274925886527,2.65848454361617e-11,9617.7969
6,0.881059375850325,0.496187976037675,0.991892658486234,0.022522595820635,2293.1943
1,-1.40725905801574,0.500290314736221,0.014274925886527,2.65848454361617e-11,3387.8879
1,-1.40725905801574,0.500290314736221,0.014274925886527,2.65848454361617e-11,1054.8143
4,-0.113577745652717,0.432588879193406,0.6766038650032,2.13118915004529e-06,1107.2878
1,-1.40725905801574,0.500290314736221,0.014274925886527,2.65848454361617e-11,1646.1776
0,-1.77684147405158,0.653146318479555,0,0,1093.774
5,0.351112606128591,0.460383297944477,0.925054180266929,0.000464478468589102,22658.178
5,0.351112606128591,0.460383297944477,0.925054180266929,0.000464478468589102,2473.9929
1,-1.40725905801574,0.500290314736221,0.014274925886527,2.65848454361617e-11,3955.0254
2,-0.934338094503246,0.422781859633178,0.0704455364893262,1.50425227829487e-11,8887.7422
0,-1.77684147405158,0.653146318479555,0,0,2629.9827
4,-0.113577745652717,0.432588879193406,0.6766038650032,2.13118915004529e-06,2207.8115
0,-1.77684147405158,0.653146318479555,0,0,2404.2412
5,0.351112606128591,0.460383297944477,0.925054180266929,0.000464478468589102,8810.5127
2,-0.934338094503246,0.422781859633178,0.0704455364893262,1.50425227829487e-11,3064.4153
0,-1.77684147405158,0.653146318479555,0,0,2265.8362
0,-1.77684147405158,0.653146318479555,0,0,1612.6923
3,-0.525831905516601,0.416499632421234,0.303666959892184,4.06857003643069e-09,3404.5486
2,-0.934338094503246,0.422781859633178,0.0704455364893262,1.50425227829487e-11,4848.2505
2,-0.934338094503246,0.422781859633178,0.0704455364893262,1.50425227829487e-11,11766.229
3,-0.525831905516601,0.416499632421234,0.303666959892184,4.06857003643069e-09,14289.417
5,0.351112606128591,0.460383297944477,0.925054180266929,0.000464478468589102,2654.668
5,0.351112606128591,0.460383297944477,0.925054180266929,0.000464478468589102,23888.281
2,-0.934338094503246,0.422781859633178,0.0704455364893262,1.50425227829487e-11,7775.6768
1,-1.40725905801574,0.500290314736221,0.014274925886527,2.65848454361617e-11,3134.2078
5,0.351112606128591,0.460383297944477,0.925054180266929,0.000464478468589102,9321.9912
3,-0.525831905516601,0.416499632421234,0.303666959892184,4.06857003643069e-09,1332.3124
3,-0.525831905516601,0.416499632421234,0.303666959892184,4.06857003643069e-09,1866.3807
4,-0.113577745652717,0.432588879193406,0.6766038650032,2.13118915004529e-06,2492.7766
4,-0.113577745652717,0.432588879193406,0.6766038650032,2.13118915004529e-06,25282.105
3,-0.525831905516601,0.416499632421234,0.303666959892184,4.06857003643069e-09,5221.6782
0,-1.77684147405158,0.653146318479555,0,0,2229.5579
0,-1.77684147405158,0.653146318479555,0,0,1552.693
0,-1.77684147405158,0.653146318479555,0,0,2206.3459
0,-1.77684147405158,0.653146318479555,0,0,1563.9095
0,-1.77684147405158,0.653146318479555,0,0,1963.6196
2,-0.934338094503246,0.422781859633178,0.0704455364893262,1.50425227829487e-11,3541.1899
1,-1.40725905801574,0.500290314736221,0.014274925886527,2.65848454361617e-11,2268.2495
0,-1.77684147405158,0.653146318479555,0,0,20454.947
0,-1.77684147405158,0.653146318479555,0,0,9426.6504
1,-1.40725905801574,0.500290314736221,0.014274925886527,2.65848454361617e-11,1211.9066
2,-0.934338094503246,0.422781859633178,0.0704455364893262,1.50425227829487e-11,1936.1563
4,-0.113577745652717,0.432588879193406,0.6766038650032,2.13118915004529e-06,8941.8408
1,-1.40725905801574,0.500290314736221,0.014274925886527,2.65848454361617e-11,8080.1313
0,-1.77684147405158,0.653146318479555,0,0,7546.1802
3,-0.525831905516601,0.416499632421234,0.303666959892184,4.06857003643069e-09,5473.4355
1,-1.40725905801574,0.500290314736221,0.014274925886527,2.65848454361617e-11,7944.9375
4,-0.113577745652717,0.432588879193406,0.6766038650032,2.13118915004529e-06,9025.7764
0,-1.77684147405158,0.653146318479555,0,0,12218.497
4,-0.113577745652717,0.432588879193406,0.6766038650032,2.13118915004529e-06,1581.661
0,-1.77684147405158,0.653146318479555,0,0,758.43787
2,-0.934338094503246,0.422781859633178,0.0704455364893262,1.50425227829487e-11,1092.7913
2,-0.934338094503246,0.422781859633178,0.0704455364893262,1.50425227829487e-11,1643.4484
3,-0.525831905516601,0.416499632421234,0.303666959892184,4.06857003643069e-09,2035.6969
1,-1.40725905801574,0.500290314736221,0.014274925886527,2.65848454361617e-11,1104.8813
1,-1.40725905801574,0.500290314736221,0.014274925886527,2.65848454361617e-11,8713.0098
3,-0.525831905516601,0.416499632421234,0.303666959892184,4.06857003643069e-09,9028.3467
7,1.56214050169951,0.600849363883355,0.999092112609984,0.300979201038769,15196.839
3,-0.525831905516601,0.416499632421234,0.303666959892184,4.06857003643069e-09,3902.8389
0,-1.77684147405158,0.653146318479555,0,0,9434.9121
2,-0.934338094503246,0.422781859633178,0.0704455364893262,1.50425227829487e-11,1552.9263
4,-0.113577745652717,0.432588879193406,0.6766038650032,2.13118915004529e-06,10065.275
2,-0.934338094503246,0.422781859633178,0.0704455364893262,1.50425227829487e-11,6238.6455
0,-1.77684147405158,0.653146318479555,0,0,15526.115
5,0.351112606128591,0.460383297944477,0.925054180266929,0.000464478468589102,21550.629
1,-1.40725905801574,0.500290314736221,0.014274925886527,2.65848454361617e-11,15313.285
3,-0.525831905516601,0.416499632421234,0.303666959892184,4.06857003643069e-09,16879.158
3,-0.525831905516601,0.416499632421234,0.303666959892184,4.06857003643069e-09,1344.9727
0,-1.77684147405158,0.653146318479555,0,0,1253.2421
0,-1.77684147405158,0.653146318479555,0,0,1096.8173
1,-1.40725905801574,0.500290314736221,0.014274925886527,2.65848454361617e-11,1433.6327
0,-1.77684147405158,0.653146318479555,0,0,1082.0969
3,-0.525831905516601,0.416499632421234,0.303666959892184,4.06857003643069e-09,1368.642
1,-1.40725905801574,0.500290314736221,0.014274925886527,2.65848454361617e-11,1391.5239
2,-0.934338094503246,0.422781859633178,0.0704455364893262,1.50425227829487e-11,2194.7439
0,-1.77684147405158,0.653146318479555,0,0,1809.8793
3,-0.525831905516601,0.416499632421234,0.303666959892184,4.06857003643069e-09,1849.9625
1,-1.40725905801574,0.500290314736221,0.014274925886527,2.65848454361617e-11,1164.3313
1,-1.40725905801574,0.500290314736221,0.014274925886527,2.65848454361617e-11,986.61835
0,-1.77684147405158,0.653146318479555,0,0,1871.5302
0,-1.77684147405158,0.653146318479555,0,0,5279.2563
3,-0.525831905516601,0.416499632421234,0.303666959892184,4.06857003643069e-09,6892.1963
3,-0.525831905516601,0.416499632421234,0.303666959892184,4.06857003643069e-09,6920.1709
0,-1.77684147405158,0.653146318479555,0,0,6053.8101
1,-1.40725905801574,0.500290314736221,0.014274925886527,2.65848454361617e-11,4044.6191
0,-1.77684147405158,0.653146318479555,0,0,8863.5176
0,-1.77684147405158,0.653146318479555,0,0,8281.0195
0,-1.77684147405158,0.653146318479555,0,0,6542.2603
2,-0.934338094503246,0.422781859633178,0.0704455364893262,1.50425227829487e-11,1897.4043
2,-0.934338094503246,0.422781859633178,0.0704455364893262,1.50425227829487e-11,1295.7975
2,-0.934338094503246,0.422781859633178,0.0704455364893262,1.50425227829487e-11,1258.3596
0,-1.77684147405158,0.653146318479555,0,0,1384.244
6,0.881059375850325,0.496187976037675,0.991892658486234,0.022522595820635,1580.9951
0,-1.77684147405158,0.653146318479555,0,0,937.95898
0,-1.77684147405158,0.653146318479555,0,0,18013.129
0,-1.77684147405158,0.653146318479555,0,0,1145.4598
0,-1.77684147405158,0.653146318479555,0,0,7867.8423
1,-1.40725905801574,0.500290314736221,0.014274925886527,2.65848454361617e-11,1306.4127
8,2.12026108964473,0.653146318479555,0.999901802184479,0.646053571341927,1915.2893
3,-0.525831905516601,0.416499632421234,0.303666959892184,4.06857003643069e-09,1968.642
0,-1.77684147405158,0.653146318479555,0,0,2660.0967
0,-1.77684147405158,0.653146318479555,0,0,1710.326
7,1.56214050169951,0.600849363883355,0.999092112609984,0.300979201038769,740.62769
6,0.881059375850325,0.496187976037675,0.991892658486234,0.022522595820635,2331.4275
2,-0.934338094503246,0.422781859633178,0.0704455364893262,1.50425227829487e-11,4876.606
5,0.351112606128591,0.460383297944477,0.925054180266929,0.000464478468589102,1475.4115
1,-1.40725905801574,0.500290314736221,0.014274925886527,2.65848454361617e-11,1417.4714
5,0.351112606128591,0.460383297944477,0.925054180266929,0.000464478468589102,2344.5708
5,0.351112606128591,0.460383297944477,0.925054180266929,0.000464478468589102,9306.2754
0,-1.77684147405158,0.653146318479555,0,0,2114.6707
1,-1.40725905801574,0.500290314736221,0.014274925886527,2.65848454361617e-11,3928.9165
0,-1.77684147405158,0.653146318479555,0,0,1869.2783
4,-0.113577745652717,0.432588879193406,0.6766038650032,2.13118915004529e-06,4134.2524
1,-1.40725905801574,0.500290314736221,0.014274925886527,2.65848454361617e-11,3678.1768
2,-0.934338094503246,0.422781859633178,0.0704455364893262,1.50425227829487e-11,3779.2275
0,-1.77684147405158,0.653146318479555,0,0,1065.9133
0,-1.77684147405158,0.653146318479555,0,0,1016.817
6,0.881059375850325,0.496187976037675,0.991892658486234,0.022522595820635,820.81342
3,-0.525831905516601,0.416499632421234,0.303666959892184,4.06857003643069e-09,4790.4023
3,-0.525831905516601,0.416499632421234,0.303666959892184,4.06857003643069e-09,11334.683
2,-0.934338094503246,0.422781859633178,0.0704455364893262,1.50425227829487e-11,1880.3032
2,-0.934338094503246,0.422781859633178,0.0704455364893262,1.50425227829487e-11,14504.71
1,-1.40725905801574,0.500290314736221,0.014274925886527,2.65848454361617e-11,9625.7266
1,-1.40725905801574,0.500290314736221,0.014274925886527,2.65848454361617e-11,4316.0098
0,-1.77684147405158,0.653146318479555,0,0,4381.7959
4,-0.113577745652717,0.432588879193406,0.6766038650032,2.13118915004529e-06,1254.761
2,-0.934338094503246,0.422781859633178,0.0704455364893262,1.50425227829487e-11,2532.3228
3,-0.525831905516601,0.416499632421234,0.303666959892184,4.06857003643069e-09,12013.522
2,-0.934338094503246,0.422781859633178,0.0704455364893262,1.50425227829487e-11,2184.6992
2,-0.934338094503246,0.422781859633178,0.0704455364893262,1.50425227829487e-11,4176.2134
1,-1.40725905801574,0.500290314736221,0.014274925886527,2.65848454361617e-11,2488.5283
5,0.351112606128591,0.460383297944477,0.925054180266929,0.000464478468589102,794.28003
3,-0.525831905516601,0.416499632421234,0.303666959892184,4.06857003643069e-09,1755.6199
0,-1.77684147405158,0.653146318479555,0,0,519.35291
4,-0.113577745652717,0.432588879193406,0.6766038650032,2.13118915004529e-06,5470.2832
3,-0.525831905516601,0.416499632421234,0.303666959892184,4.06857003643069e-09,4212.0835
2,-0.934338094503246,0.422781859633178,0.0704455364893262,1.50425227829487e-11,3895.4434
0,-1.77684147405158,0.653146318479555,0,0,3715.8008
0,-1.77684147405158,0.653146318479555,0,0,1140.5251
3,-0.525831905516601,0.416499632421234,0.303666959892184,4.06857003643069e-09,1209.6136
1,-1.40725905801574,0.500290314736221,0.014274925886527,2.65848454361617e-11,1205.2222
0,-1.77684147405158,0.653146318479555,0,0,1148.4374
4,-0.113577745652717,0.432588879193406,0.6766038650032,2.13118915004529e-06,1043.9479
1,-1.40725905801574,0.500290314736221,0.014274925886527,2.65848454361617e-11,8207.3193
5,0.351112606128591,0.460383297944477,0.925054180266929,0.000464478468589102,2496.3479
2,-0.934338094503246,0.422781859633178,0.0704455364893262,1.50425227829487e-11,2076.5242
5,0.351112606128591,0.460383297944477,0.925054180266929,0.000464478468589102,1182.4564
4,-0.113577745652717,0.432588879193406,0.6766038650032,2.13118915004529e-06,18470.063
1,-1.40725905801574,0.500290314736221,0.014274925886527,2.65848454361617e-11,2222.5869
5,0.351112606128591,0.460383297944477,0.925054180266929,0.000464478468589102,5012.0298
3,-0.525831905516601,0.416499632421234,0.303666959892184,4.06857003643069e-09,3508.3447
4,-0.113577745652717,0.432588879193406,0.6766038650032,2.13118915004529e-06,1001.1434
4,-0.113577745652717,0.432588879193406,0.6766038650032,2.13118915004529e-06,23164.188
3,-0.525831905516601,0.416499632421234,0.303666959892184,4.06857003643069e-09,2542.6458
3,-0.525831905516601,0.416499632421234,0.303666959892184,4.06857003643069e-09,6257.8911
5,0.351112606128591,0.460383297944477,0.925054180266929,0.000464478468589102,1004.7894
1,-1.40725905801574,0.500290314736221,0.014274925886527,2.65848454361617e-11,717.02435
3,-0.525831905516601,0.416499632421234,0.303666959892184,4.06857003643069e-09,1121.5566
5,0.351112606128591,0.460383297944477,0.925054180266929,0.000464478468589102,1525.8153
1,-1.40725905801574,0.500290314736221,0.014274925886527,2.65848454361617e-11,1422.2195
8,2.12026108964473,0.653146318479555,0.999901802184479,0.646053571341927,704.41809
0,-1.77684147405158,0.653146318479555,0,0,1224.5627
4,-0.113577745652717,0.432588879193406,0.6766038650032,2.13118915004529e-06,996.44537
4,-0.113577745652717,0.432588879193406,0.6766038650032,2.13118915004529e-06,1318.7793
5,0.351112606128591,0.460383297944477,0.925054180266929,0.000464478468589102,997.90619
5,0.351112606128591,0.460383297944477,0.925054180266929,0.000464478468589102,1786.0554
3,-0.525831905516601,0.416499632421234,0.303666959892184,4.06857003643069e-09,2038.3295
4,-0.113577745652717,0.432588879193406,0.6766038650032,2.13118915004529e-06,808.10852
3,-0.525831905516601,0.416499632421234,0.303666959892184,4.06857003643069e-09,806.13617
5,0.351112606128591,0.460383297944477,0.925054180266929,0.000464478468589102,614.01294
3,-0.525831905516601,0.416499632421234,0.303666959892184,4.06857003643069e-09,10727.525
3,-0.525831905516601,0.416499632421234,0.303666959892184,4.06857003643069e-09,6473.2773
5,0.351112606128591,0.460383297944477,0.925054180266929,0.000464478468589102,2846.1023
3,-0.525831905516601,0.416499632421234,0.303666959892184,4.06857003643069e-09,13211.903
5,0.351112606128591,0.460383297944477,0.925054180266929,0.000464478468589102,2178.4341
3,-0.525831905516601,0.416499632421234,0.303666959892184,4.06857003643069e-09,1245.291
3,-0.525831905516601,0.416499632421234,0.303666959892184,4.06857003643069e-09,1831.6735
6,0.881059375850325,0.496187976037675,0.991892658486234,0.022522595820635,1216.9264
4,-0.113577745652717,0.432588879193406,0.6766038650032,2.13118915004529e-06,2301.1155
3,-0.525831905516601,0.416499632421234,0.303666959892184,4.06857003643069e-09,1097.3751
3,-0.525831905516601,0.416499632421234,0.303666959892184,4.06857003643069e-09,4306.2036
3,-0.525831905516601,0.416499632421234,0.303666959892184,4.06857003643069e-09,3650.6328
4,-0.113577745652717,0.432588879193406,0.6766038650032,2.13118915004529e-06,891.78809
1,-1.40725905801574,0.500290314736221,0.014274925886527,2.65848454361617e-11,1553.7739
3,-0.525831905516601,0.416499632421234,0.303666959892184,4.06857003643069e-09,2867.5427
4,-0.113577745652717,0.432588879193406,0.6766038650032,2.13118915004529e-06,4291.1851
4,-0.113577745652717,0.432588879193406,0.6766038650032,2.13118915004529e-06,3324.551
3,-0.525831905516601,0.416499632421234,0.303666959892184,4.06857003643069e-09,3084.6563
3,-0.525831905516601,0.416499632421234,0.303666959892184,4.06857003643069e-09,16066.269
3,-0.525831905516601,0.416499632421234,0.303666959892184,4.06857003643069e-09,1071.7924
3,-0.525831905516601,0.416499632421234,0.303666959892184,4.06857003643069e-09,13687.637
5,0.351112606128591,0.460383297944477,0.925054180266929,0.000464478468589102,18618.459
4,-0.113577745652717,0.432588879193406,0.6766038650032,2.13118915004529e-06,815.58563
1,-1.40725905801574,0.500290314736221,0.014274925886527,2.65848454361617e-11,1366.9489
4,-0.113577745652717,0.432588879193406,0.6766038650032,2.13118915004529e-06,2581.5493
5,0.351112606128591,0.460383297944477,0.925054180266929,0.000464478468589102,2420.8384
4,-0.113577745652717,0.432588879193406,0.6766038650032,2.13118915004529e-06,3045.9351
3,-0.525831905516601,0.416499632421234,0.303666959892184,4.06857003643069e-09,3714.6995
3,-0.525831905516601,0.416499632421234,0.303666959892184,4.06857003643069e-09,2280.9785
4,-0.113577745652717,0.432588879193406,0.6766038650032,2.13118915004529e-06,556.67395
3,-0.525831905516601,0.416499632421234,0.303666959892184,4.06857003643069e-09,1164.7072
4,-0.113577745652717,0.432588879193406,0.6766038650032,2.13118915004529e-06,1640.0045
5,0.351112606128591,0.460383297944477,0.925054180266929,0.000464478468589102,457.03741
5,0.351112606128591,0.460383297944477,0.925054180266929,0.000464478468589102,515.1745
5,0.351112606128591,0.460383297944477,0.925054180266929,0.000464478468589102,457.03741
6,0.881059375850325,0.496187976037675,0.991892658486234,0.022522595820635,484.49881
5,0.351112606128591,0.460383297944477,0.925054180266929,0.000464478468589102,481.46432
2,-0.934338094503246,0.422781859633178,0.0704455364893262,1.50425227829487e-11,498.16217
5,0.351112606128591,0.460383297944477,0.925054180266929,0.000464478468589102,457.03741
6,0.881059375850325,0.496187976037675,0.991892658486234,0.022522595820635,6390.8608
4,-0.113577745652717,0.432588879193406,0.6766038650032,2.13118915004529e-06,7686.9053
4,-0.113577745652717,0.432588879193406,0.6766038650032,2.13118915004529e-06,2101.3672
6,0.881059375850325,0.496187976037675,0.991892658486234,0.022522595820635,462.5618
3,-0.525831905516601,0.416499632421234,0.303666959892184,4.06857003643069e-09,457.03741
3,-0.525831905516601,0.416499632421234,0.303666959892184,4.06857003643069e-09,457.03741
2,-0.934338094503246,0.422781859633178,0.0704455364893262,1.50425227829487e-11,457.03741
4,-0.113577745652717,0.432588879193406,0.6766038650032,2.13118915004529e-06,662.30017
4,-0.113577745652717,0.432588879193406,0.6766038650032,2.13118915004529e-06,7561.7959
5,0.351112606128591,0.460383297944477,0.925054180266929,0.000464478468589102,457.03741
4,-0.113577745652717,0.432588879193406,0.6766038650032,2.13118915004529e-06,457.03741
4,-0.113577745652717,0.432588879193406,0.6766038650032,2.13118915004529e-06,462.5618
7,1.56214050169951,0.600849363883355,0.999092112609984,0.300979201038769,457.03741
6,0.881059375850325,0.496187976037675,0.991892658486234,0.022522595820635,457.33151
3,-0.525831905516601,0.416499632421234,0.303666959892184,4.06857003643069e-09,457.03741
5,0.351112606128591,0.460383297944477,0.925054180266929,0.000464478468589102,8341.3037
4,-0.113577745652717,0.432588879193406,0.6766038650032,2.13118915004529e-06,6749.3354
3,-0.525831905516601,0.416499632421234,0.303666959892184,4.06857003643069e-09,1329.6499
5,0.351112606128591,0.460383297944477,0.925054180266929,0.000464478468589102,1574.0474
2,-0.934338094503246,0.422781859633178,0.0704455364893262,1.50425227829487e-11,1358.4222
3,-0.525831905516601,0.416499632421234,0.303666959892184,4.06857003643069e-09,5012.0298
2,-0.934338094503246,0.422781859633178,0.0704455364893262,1.50425227829487e-11,1806.6881
1,-1.40725905801574,0.500290314736221,0.014274925886527,2.65848454361617e-11,1683.3668
1,-1.40725905801574,0.500290314736221,0.014274925886527,2.65848454361617e-11,11089.796
0,-1.77684147405158,0.653146318479555,0,0,10504.259
0,-1.77684147405158,0.653146318479555,0,0,23164.188
0,-1.77684147405158,0.653146318479555,0,0,6499.3062
0,-1.77684147405158,0.653146318479555,0,0,13620.99
4,-0.113577745652717,0.432588879193406,0.6766038650032,2.13118915004529e-06,5070.6519
4,-0.113577745652717,0.432588879193406,0.6766038650032,2.13118915004529e-06,3956.3296
4,-0.113577745652717,0.432588879193406,0.6766038650032,2.13118915004529e-06,4419.3135
4,-0.113577745652717,0.432588879193406,0.6766038650032,2.13118915004529e-06,5803.6763
5,0.351112606128591,0.460383297944477,0.925054180266929,0.000464478468589102,829.61298
4,-0.113577745652717,0.432588879193406,0.6766038650032,2.13118915004529e-06,614.3736
4,-0.113577745652717,0.432588879193406,0.6766038650032,2.13118915004529e-06,683.04688
3,-0.525831905516601,0.416499632421234,0.303666959892184,4.06857003643069e-09,481.83508
3,-0.525831905516601,0.416499632421234,0.303666959892184,4.06857003643069e-09,2992.6875
4,-0.113577745652717,0.432588879193406,0.6766038650032,2.13118915004529e-06,713.92133
6,0.881059375850325,0.496187976037675,0.991892658486234,0.022522595820635,1160.7271
6,0.881059375850325,0.496187976037675,0.991892658486234,0.022522595820635,1026.0957
4,-0.113577745652717,0.432588879193406,0.6766038650032,2.13118915004529e-06,1402.3866
4,-0.113577745652717,0.432588879193406,0.6766038650032,2.13118915004529e-06,985.6427
3,-0.525831905516601,0.416499632421234,0.303666959892184,4.06857003643069e-09,562.52863
6,0.881059375850325,0.496187976037675,0.991892658486234,0.022522595820635,749.11578
3,-0.525831905516601,0.416499632421234,0.303666959892184,4.06857003643069e-09,559.60266
3,-0.525831905516601,0.416499632421234,0.303666959892184,4.06857003643069e-09,825.65979
0,-1.77684147405158,0.653146318479555,0,0,2295.4636
0,-1.77684147405158,0.653146318479555,0,0,1733.0707
0,-1.77684147405158,0.653146318479555,0,0,1680.7946
2,-0.934338094503246,0.422781859633178,0.0704455364893262,1.50425227829487e-11,1853.7346
0,-1.77684147405158,0.653146318479555,0,0,23164.188
8,2.12026108964473,0.653146318479555,0.999901802184479,0.646053571341927,23164.188
0,-1.77684147405158,0.653146318479555,0,0,6558.395
0,-1.77684147405158,0.653146318479555,0,0,23164.188
5,0.351112606128591,0.460383297944477,0.925054180266929,0.000464478468589102,12379.581
3,-0.525831905516601,0.416499632421234,0.303666959892184,4.06857003643069e-09,2566.3882
5,0.351112606128591,0.460383297944477,0.925054180266929,0.000464478468589102,1905.9166
4,-0.113577745652717,0.432588879193406,0.6766038650032,2.13118915004529e-06,2022.3407
2,-0.934338094503246,0.422781859633178,0.0704455364893262,1.50425227829487e-11,2240.0244
4,-0.113577745652717,0.432588879193406,0.6766038650032,2.13118915004529e-06,2606.1807
5,0.351112606128591,0.460383297944477,0.925054180266929,0.000464478468589102,2519.0906
4,-0.113577745652717,0.432588879193406,0.6766038650032,2.13118915004529e-06,7526.2559
4,-0.113577745652717,0.432588879193406,0.6766038650032,2.13118915004529e-06,1544.2091
3,-0.525831905516601,0.416499632421234,0.303666959892184,4.06857003643069e-09,4477.4395
4,-0.113577745652717,0.432588879193406,0.6766038650032,2.13118915004529e-06,2632.7122
5,0.351112606128591,0.460383297944477,0.925054180266929,0.000464478468589102,2842.6045
3,-0.525831905516601,0.416499632421234,0.303666959892184,4.06857003643069e-09,2684.4438
3,-0.525831905516601,0.416499632421234,0.303666959892184,4.06857003643069e-09,1781.8684
0,-1.77684147405158,0.653146318479555,0,0,1340.6152
5,0.351112606128591,0.460383297944477,0.925054180266929,0.000464478468589102,1249.6104
4,-0.113577745652717,0.432588879193406,0.6766038650032,2.13118915004529e-06,4052.3203
7,1.56214050169951,0.600849363883355,0.999092112609984,0.300979201038769,2438.8196
6,0.881059375850325,0.496187976037675,0.991892658486234,0.022522595820635,903.6861
3,-0.525831905516601,0.416499632421234,0.303666959892184,4.06857003643069e-09,2245.0752
5,0.351112606128591,0.460383297944477,0.925054180266929,0.000464478468589102,18184.637
3,-0.525831905516601,0.416499632421234,0.303666959892184,4.06857003643069e-09,3473.0588
3,-0.525831905516601,0.416499632421234,0.303666959892184,4.06857003643069e-09,457.41046
4,-0.113577745652717,0.432588879193406,0.6766038650032,2.13118915004529e-06,548.45099
6,0.881059375850325,0.496187976037675,0.991892658486234,0.022522595820635,758.6955
4,-0.113577745652717,0.432588879193406,0.6766038650032,2.13118915004529e-06,1529.8826
7,1.56214050169951,0.600849363883355,0.999092112609984,0.300979201038769,1487.1492
8,2.12026108964473,0.653146318479555,0.999901802184479,0.646053571341927,1377.1234
7,1.56214050169951,0.600849363883355,0.999092112609984,0.300979201038769,10538.717
5,0.351112606128591,0.460383297944477,0.925054180266929,0.000464478468589102,579.10333
4,-0.113577745652717,0.432588879193406,0.6766038650032,2.13118915004529e-06,534.83618
3,-0.525831905516601,0.416499632421234,0.303666959892184,4.06857003643069e-09,508.76282
4,-0.113577745652717,0.432588879193406,0.6766038650032,2.13118915004529e-06,457.03741
5,0.351112606128591,0.460383297944477,0.925054180266929,0.000464478468589102,485.806
5,0.351112606128591,0.460383297944477,0.925054180266929,0.000464478468589102,479.01276
5,0.351112606128591,0.460383297944477,0.925054180266929,0.000464478468589102,1148.7701
4,-0.113577745652717,0.432588879193406,0.6766038650032,2.13118915004529e-06,5012.0298
6,0.881059375850325,0.496187976037675,0.991892658486234,0.022522595820635,4321.7993
0,-1.77684147405158,0.653146318479555,0,0,19146.453
4,-0.113577745652717,0.432588879193406,0.6766038650032,2.13118915004529e-06,1636.9359
0,-1.77684147405158,0.653146318479555,0,0,8556.9492
0,-1.77684147405158,0.653146318479555,0,0,803.60699
4,-0.113577745652717,0.432588879193406,0.6766038650032,2.13118915004529e-06,13407.64
3,-0.525831905516601,0.416499632421234,0.303666959892184,4.06857003643069e-09,10849.126
4,-0.113577745652717,0.432588879193406,0.6766038650032,2.13118915004529e-06,5382.1484
0,-1.77684147405158,0.653146318479555,0,0,1103.7305
4,-0.113577745652717,0.432588879193406,0.6766038650032,2.13118915004529e-06,975.284
4,-0.113577745652717,0.432588879193406,0.6766038650032,2.13118915004529e-06,926.77448
0,-1.77684147405158,0.653146318479555,0,0,5826.5845
1,-1.40725905801574,0.500290314736221,0.014274925886527,2.65848454361617e-11,1736.5906
3,-0.525831905516601,0.416499632421234,0.303666959892184,4.06857003643069e-09,1585.0157
4,-0.113577745652717,0.432588879193406,0.6766038650032,2.13118915004529e-06,1969.9708
4,-0.113577745652717,0.432588879193406,0.6766038650032,2.13118915004529e-06,1121.6731
4,-0.113577745652717,0.432588879193406,0.6766038650032,2.13118915004529e-06,981.0177
4,-0.113577745652717,0.432588879193406,0.6766038650032,2.13118915004529e-06,1524.7465
4,-0.113577745652717,0.432588879193406,0.6766038650032,2.13118915004529e-06,15881.273
5,0.351112606128591,0.460383297944477,0.925054180266929,0.000464478468589102,3200.6287
4,-0.113577745652717,0.432588879193406,0.6766038650032,2.13118915004529e-06,18657.174
7,1.56214050169951,0.600849363883355,0.999092112609984,0.300979201038769,1373.9517
0,-1.77684147405158,0.653146318479555,0,0,1369.4729
3,-0.525831905516601,0.416499632421234,0.303666959892184,4.06857003643069e-09,3057.1023
3,-0.525831905516601,0.416499632421234,0.303666959892184,4.06857003643069e-09,3516.3335
3,-0.525831905516601,0.416499632421234,0.303666959892184,4.06857003643069e-09,23164.188
4,-0.113577745652717,0.432588879193406,0.6766038650032,2.13118915004529e-06,8493.5693
1,-1.40725905801574,0.500290314736221,0.014274925886527,2.65848454361617e-11,2130.449
1,-1.40725905801574,0.500290314736221,0.014274925886527,2.65848454361617e-11,1754.4272
3,-0.525831905516601,0.416499632421234,0.303666959892184,4.06857003643069e-09,1558.7026
2,-0.934338094503246,0.422781859633178,0.0704455364893262,1.50425227829487e-11,3123.2859
5,0.351112606128591,0.460383297944477,0.925054180266929,0.000464478468589102,1593.8478
3,-0.525831905516601,0.416499632421234,0.303666959892184,4.06857003643069e-09,1742.644
3,-0.525831905516601,0.416499632421234,0.303666959892184,4.06857003643069e-09,1111.6129
3,-0.525831905516601,0.416499632421234,0.303666959892184,4.06857003643069e-09,2186.1526
2,-0.934338094503246,0.422781859633178,0.0704455364893262,1.50425227829487e-11,2018.952
4,-0.113577745652717,0.432588879193406,0.6766038650032,2.13118915004529e-06,718.84485
4,-0.113577745652717,0.432588879193406,0.6766038650032,2.13118915004529e-06,1822.1359
1,-1.40725905801574,0.500290314736221,0.014274925886527,2.65848454361617e-11,936.77454
3,-0.525831905516601,0.416499632421234,0.303666959892184,4.06857003643069e-09,2146.2151
3,-0.525831905516601,0.416499632421234,0.303666959892184,4.06857003643069e-09,990.34827
1,-1.40725905801574,0.500290314736221,0.014274925886527,2.65848454361617e-11,867.13837
2,-0.934338094503246,0.422781859633178,0.0704455364893262,1.50425227829487e-11,797.7486
4,-0.113577745652717,0.432588879193406,0.6766038650032,2.13118915004529e-06,2064.6511
3,-0.525831905516601,0.416499632421234,0.303666959892184,4.06857003643069e-09,894.43341
3,-0.525831905516601,0.416499632421234,0.303666959892184,4.06857003643069e-09,1188.5465
3,-0.525831905516601,0.416499632421234,0.303666959892184,4.06857003643069e-09,1149.4019
4,-0.113577745652717,0.432588879193406,0.6766038650032,2.13118915004529e-06,1690.4513
8,2.12026108964473,0.653146318479555,0.999901802184479,0.646053571341927,1026.4324
4,-0.113577745652717,0.432588879193406,0.6766038650032,2.13118915004529e-06,5386.5391
3,-0.525831905516601,0.416499632421234,0.303666959892184,4.06857003643069e-09,1751.3019
5,0.351112606128591,0.460383297944477,0.925054180266929,0.000464478468589102,3876.2573
4,-0.113577745652717,0.432588879193406,0.6766038650032,2.13118915004529e-06,3028.4846
3,-0.525831905516601,0.416499632421234,0.303666959892184,4.06857003643069e-09,694.28284
5,0.351112606128591,0.460383297944477,0.925054180266929,0.000464478468589102,688.86322
4,-0.113577745652717,0.432588879193406,0.6766038650032,2.13118915004529e-06,538.08588
4,-0.113577745652717,0.432588879193406,0.6766038650032,2.13118915004529e-06,476.98758
4,-0.113577745652717,0.432588879193406,0.6766038650032,2.13118915004529e-06,527.35913
5,0.351112606128591,0.460383297944477,0.925054180266929,0.000464478468589102,622.54016
4,-0.113577745652717,0.432588879193406,0.6766038650032,2.13118915004529e-06,457.03741
6,0.881059375850325,0.496187976037675,0.991892658486234,0.022522595820635,1180.4281
7,1.56214050169951,0.600849363883355,0.999092112609984,0.300979201038769,2030.4984
5,0.351112606128591,0.460383297944477,0.925054180266929,0.000464478468589102,8999.3662
0,-1.77684147405158,0.653146318479555,0,0,6315.6689
2,-0.934338094503246,0.422781859633178,0.0704455364893262,1.50425227829487e-11,479.80667
0,-1.77684147405158,0.653146318479555,0,0,2851.6833
4,-0.113577745652717,0.432588879193406,0.6766038650032,2.13118915004529e-06,2500.3882
6,0.881059375850325,0.496187976037675,0.991892658486234,0.022522595820635,1650.8772
7,1.56214050169951,0.600849363883355,0.999092112609984,0.300979201038769,1820.571
4,-0.113577745652717,0.432588879193406,0.6766038650032,2.13118915004529e-06,1548.3754
3,-0.525831905516601,0.416499632421234,0.303666959892184,4.06857003643069e-09,5347.9683
5,0.351112606128591,0.460383297944477,0.925054180266929,0.000464478468589102,783.86322
3,-0.525831905516601,0.416499632421234,0.303666959892184,4.06857003643069e-09,1049.6078
6,0.881059375850325,0.496187976037675,0.991892658486234,0.022522595820635,623.44434
0,-1.77684147405158,0.653146318479555,0,0,1122.538
1,-1.40725905801574,0.500290314736221,0.014274925886527,2.65848454361617e-11,3520.0701
2,-0.934338094503246,0.422781859633178,0.0704455364893262,1.50425227829487e-11,7014.2109
0,-1.77684147405158,0.653146318479555,0,0,6005.1436
0,-1.77684147405158,0.653146318479555,0,0,21258.699
8,2.12026108964473,0.653146318479555,0.999901802184479,0.646053571341927,2528.291
8,2.12026108964473,0.653146318479555,0.999901802184479,0.646053571341927,982.31018
7,1.56214050169951,0.600849363883355,0.999092112609984,0.300979201038769,13578.719
6,0.881059375850325,0.496187976037675,0.991892658486234,0.022522595820635,910.98865
8,2.12026108964473,0.653146318479555,0.999901802184479,0.646053571341927,3536.0374
8,2.12026108964473,0.653146318479555,0.999901802184479,0.646053571341927,8440.6299
0,-1.77684147405158,0.653146318479555,0,0,2506.3625
8,2.12026108964473,0.653146318479555,0.999901802184479,0.646053571341927,489.50327
7,1.56214050169951,0.600849363883355,0.999092112609984,0.300979201038769,791.1731
3,-0.525831905516601,0.416499632421234,0.303666959892184,4.06857003643069e-09,4707.7119
1,-1.40725905801574,0.500290314736221,0.014274925886527,2.65848454361617e-11,7402.0073
1,-1.40725905801574,0.500290314736221,0.014274925886527,2.65848454361617e-11,20359.717
1,-1.40725905801574,0.500290314736221,0.014274925886527,2.65848454361617e-11,10064.25
4,-0.113577745652717,0.432588879193406,0.6766038650032,2.13118915004529e-06,6482.9492
0,-1.77684147405158,0.653146318479555,0,0,2418.9119
0,-1.77684147405158,0.653146318479555,0,0,22363.248
2,-0.934338094503246,0.422781859633178,0.0704455364893262,1.50425227829487e-11,2248.4568
0,-1.77684147405158,0.653146318479555,0,0,8761.9229
5,0.351112606128591,0.460383297944477,0.925054180266929,0.000464478468589102,479.80667
5,0.351112606128591,0.460383297944477,0.925054180266929,0.000464478468589102,11520.474
6,0.881059375850325,0.496187976037675,0.991892658486234,0.022522595820635,1949.7097
7,1.56214050169951,0.600849363883355,0.999092112609984,0.300979201038769,12391.948
7,1.56214050169951,0.600849363883355,0.999092112609984,0.300979201038769,2100.394
1,-1.40725905801574,0.500290314736221,0.014274925886527,2.65848454361617e-11,6973.7026
3,-0.525831905516601,0.416499632421234,0.303666959892184,4.06857003643069e-09,1957.1785
4,-0.113577745652717,0.432588879193406,0.6766038650032,2.13118915004529e-06,4166.8389
1,-1.40725905801574,0.500290314736221,0.014274925886527,2.65848454361617e-11,10378.829
2,-0.934338094503246,0.422781859633178,0.0704455364893262,1.50425227829487e-11,3140.1846
0,-1.77684147405158,0.653146318479555,0,0,3994.8064
0,-1.77684147405158,0.653146318479555,0,0,1402.7736
0,-1.77684147405158,0.653146318479555,0,0,1046.0911
4,-0.113577745652717,0.432588879193406,0.6766038650032,2.13118915004529e-06,1022.7803
1,-1.40725905801574,0.500290314736221,0.014274925886527,2.65848454361617e-11,1081.7944
0,-1.77684147405158,0.653146318479555,0,0,714.05664
3,-0.525831905516601,0.416499632421234,0.303666959892184,4.06857003643069e-09,708.16455
7,1.56214050169951,0.600849363883355,0.999092112609984,0.300979201038769,700.9892
4,-0.113577745652717,0.432588879193406,0.6766038650032,2.13118915004529e-06,8498.8857
1,-1.40725905801574,0.500290314736221,0.014274925886527,2.65848454361617e-11,8648.4092
1,-1.40725905801574,0.500290314736221,0.014274925886527,2.65848454361617e-11,2383.1787
0,-1.77684147405158,0.653146318479555,0,0,5261.7256
3,-0.525831905516601,0.416499632421234,0.303666959892184,4.06857003643069e-09,5187.4448
5,0.351112606128591,0.460383297944477,0.925054180266929,0.000464478468589102,8592.3711
0,-1.77684147405158,0.653146318479555,0,0,2311.4841
4,-0.113577745652717,0.432588879193406,0.6766038650032,2.13118915004529e-06,2245.1602
0,-1.77684147405158,0.653146318479555,0,0,3917.0549
8,2.12026108964473,0.653146318479555,0.999901802184479,0.646053571341927,1507.8771
0,-1.77684147405158,0.653146318479555,0,0,9234.9863
0,-1.77684147405158,0.653146318479555,0,0,12519.648
8,2.12026108964473,0.653146318479555,0.999901802184479,0.646053571341927,11469.959
5,0.351112606128591,0.460383297944477,0.925054180266929,0.000464478468589102,11897.256
0,-1.77684147405158,0.653146318479555,0,0,1842.3666
7,1.56214050169951,0.600849363883355,0.999092112609984,0.300979201038769,2369.0588
8,2.12026108964473,0.653146318479555,0.999901802184479,0.646053571341927,1563.7317
3,-0.525831905516601,0.416499632421234,0.303666959892184,4.06857003643069e-09,640.55835
6,0.881059375850325,0.496187976037675,0.991892658486234,0.022522595820635,5261.7256
4,-0.113577745652717,0.432588879193406,0.6766038650032,2.13118915004529e-06,960.20221
7,1.56214050169951,0.600849363883355,0.999092112609984,0.300979201038769,4555.1401
8,2.12026108964473,0.653146318479555,0.999901802184479,0.646053571341927,2199.7715
8,2.12026108964473,0.653146318479555,0.999901802184479,0.646053571341927,3072.2051
5,0.351112606128591,0.460383297944477,0.925054180266929,0.000464478468589102,18051.816
3,-0.525831905516601,0.416499632421234,0.303666959892184,4.06857003643069e-09,776.04626
3,-0.525831905516601,0.416499632421234,0.303666959892184,4.06857003643069e-09,3380.2231
0,-1.77684147405158,0.653146318479555,0,0,4880.5391
0,-1.77684147405158,0.653146318479555,0,0,1593.0106
0,-1.77684147405158,0.653146318479555,0,0,2028.0349
7,1.56214050169951,0.600849363883355,0.999092112609984,0.300979201038769,2383.8892
0,-1.77684147405158,0.653146318479555,0,0,8631.7637
5,0.351112606128591,0.460383297944477,0.925054180266929,0.000464478468589102,7470.0283
4,-0.113577745652717,0.432588879193406,0.6766038650032,2.13118915004529e-06,6876.6157
6,0.881059375850325,0.496187976037675,0.991892658486234,0.022522595820635,529.48462
6,0.881059375850325,0.496187976037675,0.991892658486234,0.022522595820635,5557.4019
3,-0.525831905516601,0.416499632421234,0.303666959892184,4.06857003643069e-09,7296.6108
0,-1.77684147405158,0.653146318479555,0,0,6931.5249
5,0.351112606128591,0.460383297944477,0.925054180266929,0.000464478468589102,612.07745
4,-0.113577745652717,0.432588879193406,0.6766038650032,2.13118915004529e-06,768.40167
1,-1.40725905801574,0.500290314736221,0.014274925886527,2.65848454361617e-11,887.55377
3,-0.525831905516601,0.416499632421234,0.303666959892184,4.06857003643069e-09,586.23615
1,-1.40725905801574,0.500290314736221,0.014274925886527,2.65848454361617e-11,899.68854
1,-1.40725905801574,0.500290314736221,0.014274925886527,2.65848454361617e-11,8145.1543
1,-1.40725905801574,0.500290314736221,0.014274925886527,2.65848454361617e-11,6902.5522
1,-1.40725905801574,0.500290314736221,0.014274925886527,2.65848454361617e-11,2611.6223
4,-0.113577745652717,0.432588879193406,0.6766038650032,2.13118915004529e-06,19256.012
3,-0.525831905516601,0.416499632421234,0.303666959892184,4.06857003643069e-09,4541.0293
1,-1.40725905801574,0.500290314736221,0.014274925886527,2.65848454361617e-11,3113.5308
8,2.12026108964473,0.653146318479555,0.999901802184479,0.646053571341927,949.99988
4,-0.113577745652717,0.432588879193406,0.6766038650032,2.13118915004529e-06,3644.3467
5,0.351112606128591,0.460383297944477,0.925054180266929,0.000464478468589102,1895.8943
6,0.881059375850325,0.496187976037675,0.991892658486234,0.022522595820635,1538.4366
8,2.12026108964473,0.653146318479555,0.999901802184479,0.646053571341927,1440.5942
7,1.56214050169951,0.600849363883355,0.999092112609984,0.300979201038769,778.47546
8,2.12026108964473,0.653146318479555,0.999901802184479,0.646053571341927,1444.5714
5,0.351112606128591,0.460383297944477,0.925054180266929,0.000464478468589102,958.81702
5,0.351112606128591,0.460383297944477,0.925054180266929,0.000464478468589102,1563.8979
0,-1.77684147405158,0.653146318479555,0,0,16639.523
0,-1.77684147405158,0.653146318479555,0,0,5521.1982
7,1.56214050169951,0.600849363883355,0.999092112609984,0.300979201038769,21505.602
0,-1.77684147405158,0.653146318479555,0,0,1128.0082
6,0.881059375850325,0.496187976037675,0.991892658486234,0.022522595820635,1524.6979
1,-1.40725905801574,0.500290314736221,0.014274925886527,2.65848454361617e-11,6090.8369
3,-0.525831905516601,0.416499632421234,0.303666959892184,4.06857003643069e-09,1241.3199
4,-0.113577745652717,0.432588879193406,0.6766038650032,2.13118915004529e-06,6720.3628
4,-0.113577745652717,0.432588879193406,0.6766038650032,2.13118915004529e-06,2736.0674
1,-1.40725905801574,0.500290314736221,0.014274925886527,2.65848454361617e-11,2656.4385
1,-1.40725905801574,0.500290314736221,0.014274925886527,2.65848454361617e-11,2496.0596
5,0.351112606128591,0.460383297944477,0.925054180266929,0.000464478468589102,3044.1941
4,-0.113577745652717,0.432588879193406,0.6766038650032,2.13118915004529e-06,10388.069
0,-1.77684147405158,0.653146318479555,0,0,2308.6633
2,-0.934338094503246,0.422781859633178,0.0704455364893262,1.50425227829487e-11,1031.3723
3,-0.525831905516601,0.416499632421234,0.303666959892184,4.06857003643069e-09,829.98279
0,-1.77684147405158,0.653146318479555,0,0,2198.5955
6,0.881059375850325,0.496187976037675,0.991892658486234,0.022522595820635,2312.1067
3,-0.525831905516601,0.416499632421234,0.303666959892184,4.06857003643069e-09,5954.2866
3,-0.525831905516601,0.416499632421234,0.303666959892184,4.06857003643069e-09,1019.7709
5,0.351112606128591,0.460383297944477,0.925054180266929,0.000464478468589102,690.73444
6,0.881059375850325,0.496187976037675,0.991892658486234,0.022522595820635,782.80695
4,-0.113577745652717,0.432588879193406,0.6766038650032,2.13118915004529e-06,6646.0308
4,-0.113577745652717,0.432588879193406,0.6766038650032,2.13118915004529e-06,4930.8828
0,-1.77684147405158,0.653146318479555,0,0,4612.1118
0,-1.77684147405158,0.653146318479555,0,0,615.51367
3,-0.525831905516601,0.416499632421234,0.303666959892184,4.06857003643069e-09,776.39185
0,-1.77684147405158,0.653146318479555,0,0,563.85107
1,-1.40725905801574,0.500290314736221,0.014274925886527,2.65848454361617e-11,479.80667
1,-1.40725905801574,0.500290314736221,0.014274925886527,2.65848454361617e-11,539.25525
5,0.351112606128591,0.460383297944477,0.925054180266929,0.000464478468589102,1996.7642
1,-1.40725905801574,0.500290314736221,0.014274925886527,2.65848454361617e-11,701.78351
5,0.351112606128591,0.460383297944477,0.925054180266929,0.000464478468589102,4783.6138
4,-0.113577745652717,0.432588879193406,0.6766038650032,2.13118915004529e-06,638.75555
3,-0.525831905516601,0.416499632421234,0.303666959892184,4.06857003643069e-09,776.59009
1,-1.40725905801574,0.500290314736221,0.014274925886527,2.65848454361617e-11,736.86005
0,-1.77684147405158,0.653146318479555,0,0,5495.1328
1,-1.40725905801574,0.500290314736221,0.014274925886527,2.65848454361617e-11,823.75903
2,-0.934338094503246,0.422781859633178,0.0704455364893262,1.50425227829487e-11,870.66992
1,-1.40725905801574,0.500290314736221,0.014274925886527,2.65848454361617e-11,565.21655
6,0.881059375850325,0.496187976037675,0.991892658486234,0.022522595820635,2072.0837
4,-0.113577745652717,0.432588879193406,0.6766038650032,2.13118915004529e-06,1283.3586
6,0.881059375850325,0.496187976037675,0.991892658486234,0.022522595820635,3485.3459
0,-1.77684147405158,0.653146318479555,0,0,3801.6228
1,-1.40725905801574,0.500290314736221,0.014274925886527,2.65848454361617e-11,1998.0175
1,-1.40725905801574,0.500290314736221,0.014274925886527,2.65848454361617e-11,1252.1057
3,-0.525831905516601,0.416499632421234,0.303666959892184,4.06857003643069e-09,18884.281
1,-1.40725905801574,0.500290314736221,0.014274925886527,2.65848454361617e-11,19897.818
4,-0.113577745652717,0.432588879193406,0.6766038650032,2.13118915004529e-06,689.80652
1,-1.40725905801574,0.500290314736221,0.014274925886527,2.65848454361617e-11,2142.9543
3,-0.525831905516601,0.416499632421234,0.303666959892184,4.06857003643069e-09,6800.2573
1,-1.40725905801574,0.500290314736221,0.014274925886527,2.65848454361617e-11,3883.0881
1,-1.40725905801574,0.500290314736221,0.014274925886527,2.65848454361617e-11,7406.4189
5,0.351112606128591,0.460383297944477,0.925054180266929,0.000464478468589102,2358.4875
3,-0.525831905516601,0.416499632421234,0.303666959892184,4.06857003643069e-09,4420.1543
4,-0.113577745652717,0.432588879193406,0.6766038650032,2.13118915004529e-06,6099.5591
3,-0.525831905516601,0.416499632421234,0.303666959892184,4.06857003643069e-09,11158.509
0,-1.77684147405158,0.653146318479555,0,0,15134.863
7,1.56214050169951,0.600849363883355,0.999092112609984,0.300979201038769,7391.6929
8,2.12026108964473,0.653146318479555,0.999901802184479,0.646053571341927,12612.104
5,0.351112606128591,0.460383297944477,0.925054180266929,0.000464478468589102,5358.6836
2,-0.934338094503246,0.422781859633178,0.0704455364893262,1.50425227829487e-11,3003.5674
5,0.351112606128591,0.460383297944477,0.925054180266929,0.000464478468589102,1173.1757
5,0.351112606128591,0.460383297944477,0.925054180266929,0.000464478468589102,677.70239
4,-0.113577745652717,0.432588879193406,0.6766038650032,2.13118915004529e-06,736.30682
4,-0.113577745652717,0.432588879193406,0.6766038650032,2.13118915004529e-06,653.3186
4,-0.113577745652717,0.432588879193406,0.6766038650032,2.13118915004529e-06,1019.0949
4,-0.113577745652717,0.432588879193406,0.6766038650032,2.13118915004529e-06,1212.4974
8,2.12026108964473,0.653146318479555,0.999901802184479,0.646053571341927,22363.248
5,0.351112606128591,0.460383297944477,0.925054180266929,0.000464478468589102,24318.211
8,2.12026108964473,0.653146318479555,0.999901802184479,0.646053571341927,10073.775
0,-1.77684147405158,0.653146318479555,0,0,4421.7256
8,2.12026108964473,0.653146318479555,0.999901802184479,0.646053571341927,5576.4766
4,-0.113577745652717,0.432588879193406,0.6766038650032,2.13118915004529e-06,10429.55
0,-1.77684147405158,0.653146318479555,0,0,19251.314
3,-0.525831905516601,0.416499632421234,0.303666959892184,4.06857003643069e-09,3806.0872
3,-0.525831905516601,0.416499632421234,0.303666959892184,4.06857003643069e-09,5961.1953
0,-1.77684147405158,0.653146318479555,0,0,2501.6086
0,-1.77684147405158,0.653146318479555,0,0,21254.891
0,-1.77684147405158,0.653146318479555,0,0,8491.7988
0,-1.77684147405158,0.653146318479555,0,0,9900.8877
1,-1.40725905801574,0.500290314736221,0.014274925886527,2.65848454361617e-11,9306.9512
0,-1.77684147405158,0.653146318479555,0,0,19333.928
4,-0.113577745652717,0.432588879193406,0.6766038650032,2.13118915004529e-06,23450.01
2,-0.934338094503246,0.422781859633178,0.0704455364893262,1.50425227829487e-11,1466.8872
0,-1.77684147405158,0.653146318479555,0,0,1028.7308
0,-1.77684147405158,0.653146318479555,0,0,1005.2679
1,-1.40725905801574,0.500290314736221,0.014274925886527,2.65848454361617e-11,4297.1528
3,-0.525831905516601,0.416499632421234,0.303666959892184,4.06857003643069e-09,4550.1392
0,-1.77684147405158,0.653146318479555,0,0,7630.2896
2,-0.934338094503246,0.422781859633178,0.0704455364893262,1.50425227829487e-11,23450.01
0,-1.77684147405158,0.653146318479555,0,0,2175.4617
0,-1.77684147405158,0.653146318479555,0,0,23450.01
0,-1.77684147405158,0.653146318479555,0,0,5073.873
2,-0.934338094503246,0.422781859633178,0.0704455364893262,1.50425227829487e-11,19806.063
2,-0.934338094503246,0.422781859633178,0.0704455364893262,1.50425227829487e-11,2477.0735
3,-0.525831905516601,0.416499632421234,0.303666959892184,4.06857003643069e-09,2588.1931
2,-0.934338094503246,0.422781859633178,0.0704455364893262,1.50425227829487e-11,2031.8965
3,-0.525831905516601,0.416499632421234,0.303666959892184,4.06857003643069e-09,1078.9279
2,-0.934338094503246,0.422781859633178,0.0704455364893262,1.50425227829487e-11,1628.0555
3,-0.525831905516601,0.416499632421234,0.303666959892184,4.06857003643069e-09,8154.8247
0,-1.77684147405158,0.653146318479555,0,0,1632.0068
0,-1.77684147405158,0.653146318479555,0,0,1377.356
0,-1.77684147405158,0.653146318479555,0,0,2222.7383
0,-1.77684147405158,0.653146318479555,0,0,7565.4819
5,0.351112606128591,0.460383297944477,0.925054180266929,0.000464478468589102,1689.833
0,-1.77684147405158,0.653146318479555,0,0,1642.4098
0,-1.77684147405158,0.653146318479555,0,0,16022.963
0,-1.77684147405158,0.653146318479555,0,0,2693.3816
8,2.12026108964473,0.653146318479555,0.999901802184479,0.646053571341927,1295.9943
0,-1.77684147405158,0.653146318479555,0,0,15471.581
0,-1.77684147405158,0.653146318479555,0,0,1522.9359
0,-1.77684147405158,0.653146318479555,0,0,842.66376
1,-1.40725905801574,0.500290314736221,0.014274925886527,2.65848454361617e-11,913.84186
2,-0.934338094503246,0.422781859633178,0.0704455364893262,1.50425227829487e-11,1288.8112
5,0.351112606128591,0.460383297944477,0.925054180266929,0.000464478468589102,1611.8534
0,-1.77684147405158,0.653146318479555,0,0,881.82703
0,-1.77684147405158,0.653146318479555,0,0,1149.6218
5,0.351112606128591,0.460383297944477,0.925054180266929,0.000464478468589102,3164.2932
0,-1.77684147405158,0.653146318479555,0,0,1777.4292
0,-1.77684147405158,0.653146318479555,0,0,2085.6873
0,-1.77684147405158,0.653146318479555,0,0,2413.2444
0,-1.77684147405158,0.653146318479555,0,0,2284.5774
0,-1.77684147405158,0.653146318479555,0,0,2520.5042
4,-0.113577745652717,0.432588879193406,0.6766038650032,2.13118915004529e-06,5271.791
1,-1.40725905801574,0.500290314736221,0.014274925886527,2.65848454361617e-11,1432.2722
0,-1.77684147405158,0.653146318479555,0,0,1554.0466
0,-1.77684147405158,0.653146318479555,0,0,2152.5759
3,-0.525831905516601,0.416499632421234,0.303666959892184,4.06857003643069e-09,22773.072
5,0.351112606128591,0.460383297944477,0.925054180266929,0.000464478468589102,3200.4751
2,-0.934338094503246,0.422781859633178,0.0704455364893262,1.50425227829487e-11,10083.594
3,-0.525831905516601,0.416499632421234,0.303666959892184,4.06857003643069e-09,1249.2002
2,-0.934338094503246,0.422781859633178,0.0704455364893262,1.50425227829487e-11,1414.3383
3,-0.525831905516601,0.416499632421234,0.303666959892184,4.06857003643069e-09,1817.6851
4,-0.113577745652717,0.432588879193406,0.6766038650032,2.13118915004529e-06,1341.568
3,-0.525831905516601,0.416499632421234,0.303666959892184,4.06857003643069e-09,12644.84
0,-1.77684147405158,0.653146318479555,0,0,3027.99
4,-0.113577745652717,0.432588879193406,0.6766038650032,2.13118915004529e-06,3122.8215
5,0.351112606128591,0.460383297944477,0.925054180266929,0.000464478468589102,2372.7222
2,-0.934338094503246,0.422781859633178,0.0704455364893262,1.50425227829487e-11,3683.8911
2,-0.934338094503246,0.422781859633178,0.0704455364893262,1.50425227829487e-11,4537.0674
0,-1.77684147405158,0.653146318479555,0,0,6732.1372
1,-1.40725905801574,0.500290314736221,0.014274925886527,2.65848454361617e-11,4155.0547
0,-1.77684147405158,0.653146318479555,0,0,2606.5466
2,-0.934338094503246,0.422781859633178,0.0704455364893262,1.50425227829487e-11,2350.5808
0,-1.77684147405158,0.653146318479555,0,0,14319.086
0,-1.77684147405158,0.653146318479555,0,0,1689.9974
0,-1.77684147405158,0.653146318479555,0,0,1938.9653
2,-0.934338094503246,0.422781859633178,0.0704455364893262,1.50425227829487e-11,2800.0034
0,-1.77684147405158,0.653146318479555,0,0,7814.5811
4,-0.113577745652717,0.432588879193406,0.6766038650032,2.13118915004529e-06,12217.702
0,-1.77684147405158,0.653146318479555,0,0,3783.4006
5,0.351112606128591,0.460383297944477,0.925054180266929,0.000464478468589102,23450.01
1,-1.40725905801574,0.500290314736221,0.014274925886527,2.65848454361617e-11,17417.496
3,-0.525831905516601,0.416499632421234,0.303666959892184,4.06857003643069e-09,4279.2778
3,-0.525831905516601,0.416499632421234,0.303666959892184,4.06857003643069e-09,6480.8823
3,-0.525831905516601,0.416499632421234,0.303666959892184,4.06857003643069e-09,2531.6597
4,-0.113577745652717,0.432588879193406,0.6766038650032,2.13118915004529e-06,9142.2061
3,-0.525831905516601,0.416499632421234,0.303666959892184,4.06857003643069e-09,8228.6758
0,-1.77684147405158,0.653146318479555,0,0,23450.01
2,-0.934338094503246,0.422781859633178,0.0704455364893262,1.50425227829487e-11,3277.6384
0,-1.77684147405158,0.653146318479555,0,0,2390.438
6,0.881059375850325,0.496187976037675,0.991892658486234,0.022522595820635,3653.5432
5,0.351112606128591,0.460383297944477,0.925054180266929,0.000464478468589102,2678.6709
1,-1.40725905801574,0.500290314736221,0.014274925886527,2.65848454361617e-11,7683.0747
0,-1.77684147405158,0.653146318479555,0,0,5407.3926
2,-0.934338094503246,0.422781859633178,0.0704455364893262,1.50425227829487e-11,2082.8748
5,0.351112606128591,0.460383297944477,0.925054180266929,0.000464478468589102,3757.7583
2,-0.934338094503246,0.422781859633178,0.0704455364893262,1.50425227829487e-11,1720.876
0,-1.77684147405158,0.653146318479555,0,0,4583.3643
3,-0.525831905516601,0.416499632421234,0.303666959892184,4.06857003643069e-09,4013.0178
1,-1.40725905801574,0.500290314736221,0.014274925886527,2.65848454361617e-11,3999.896
3,-0.525831905516601,0.416499632421234,0.303666959892184,4.06857003643069e-09,3637.9844
3,-0.525831905516601,0.416499632421234,0.303666959892184,4.06857003643069e-09,2025.819
4,-0.113577745652717,0.432588879193406,0.6766038650032,2.13118915004529e-06,2672.2522
2,-0.934338094503246,0.422781859633178,0.0704455364893262,1.50425227829487e-11,4346.7397
4,-0.113577745652717,0.432588879193406,0.6766038650032,2.13118915004529e-06,4698.7031
5,0.351112606128591,0.460383297944477,0.925054180266929,0.000464478468589102,15324.264
2,-0.934338094503246,0.422781859633178,0.0704455364893262,1.50425227829487e-11,4013.8787
3,-0.525831905516601,0.416499632421234,0.303666959892184,4.06857003643069e-09,2624.877
6,0.881059375850325,0.496187976037675,0.991892658486234,0.022522595820635,3890.6597
3,-0.525831905516601,0.416499632421234,0.303666959892184,4.06857003643069e-09,5844.0996
3,-0.525831905516601,0.416499632421234,0.303666959892184,4.06857003643069e-09,3252.531
3,-0.525831905516601,0.416499632421234,0.303666959892184,4.06857003643069e-09,2681.3306
3,-0.525831905516601,0.416499632421234,0.303666959892184,4.06857003643069e-09,3631.741
4,-0.113577745652717,0.432588879193406,0.6766038650032,2.13118915004529e-06,7632.6646
0,-1.77684147405158,0.653146318479555,0,0,10481.412
5,0.351112606128591,0.460383297944477,0.925054180266929,0.000464478468589102,4165.6919
3,-0.525831905516601,0.416499632421234,0.303666959892184,4.06857003643069e-09,4880.8418
0,-1.77684147405158,0.653146318479555,0,0,1343.5402
0,-1.77684147405158,0.653146318479555,0,0,1463.191
0,-1.77684147405158,0.653146318479555,0,0,1119.2551
0,-1.77684147405158,0.653146318479555,0,0,1266.7783
0,-1.77684147405158,0.653146318479555,0,0,2002.3665
0,-1.77684147405158,0.653146318479555,0,0,1269.5009
0,-1.77684147405158,0.653146318479555,0,0,1972.9913
4,-0.113577745652717,0.432588879193406,0.6766038650032,2.13118915004529e-06,3932.344
2,-0.934338094503246,0.422781859633178,0.0704455364893262,1.50425227829487e-11,1936.5914
5,0.351112606128591,0.460383297944477,0.925054180266929,0.000464478468589102,1750.2694
4,-0.113577745652717,0.432588879193406,0.6766038650032,2.13118915004529e-06,1518.7416
0,-1.77684147405158,0.653146318479555,0,0,20311.904
0,-1.77684147405158,0.653146318479555,0,0,1748.0463
0,-1.77684147405158,0.653146318479555,0,0,10150.089
6,0.881059375850325,0.496187976037675,0.991892658486234,0.022522595820635,2129.9795
2,-0.934338094503246,0.422781859633178,0.0704455364893262,1.50425227829487e-11,3571.2717
0,-1.77684147405158,0.653146318479555,0,0,1840.6426
2,-0.934338094503246,0.422781859633178,0.0704455364893262,1.50425227829487e-11,3686.6399
5,0.351112606128591,0.460383297944477,0.925054180266929,0.000464478468589102,3627.4119
1,-1.40725905801574,0.500290314736221,0.014274925886527,2.65848454361617e-11,860.0874
2,-0.934338094503246,0.422781859633178,0.0704455364893262,1.50425227829487e-11,11699.185
4,-0.113577745652717,0.432588879193406,0.6766038650032,2.13118915004529e-06,23450.01
0,-1.77684147405158,0.653146318479555,0,0,3286.7434
6,0.881059375850325,0.496187976037675,0.991892658486234,0.022522595820635,3019.2205
1,-1.40725905801574,0.500290314736221,0.014274925886527,2.65848454361617e-11,18802.863
6,0.881059375850325,0.496187976037675,0.991892658486234,0.022522595820635,1589.6272
1,-1.40725905801574,0.500290314736221,0.014274925886527,2.65848454361617e-11,1335.228
4,-0.113577745652717,0.432588879193406,0.6766038650032,2.13118915004529e-06,1202.6466
4,-0.113577745652717,0.432588879193406,0.6766038650032,2.13118915004529e-06,1501.6007
0,-1.77684147405158,0.653146318479555,0,0,1824.4219
2,-0.934338094503246,0.422781859633178,0.0704455364893262,1.50425227829487e-11,2992.9104
5,0.351112606128591,0.460383297944477,0.925054180266929,0.000464478468589102,9169.4346
2,-0.934338094503246,0.422781859633178,0.0704455364893262,1.50425227829487e-11,1786.4884
2,-0.934338094503246,0.422781859633178,0.0704455364893262,1.50425227829487e-11,16382.393
8,2.12026108964473,0.653146318479555,0.999901802184479,0.646053571341927,1237.641
0,-1.77684147405158,0.653146318479555,0,0,1627.8884
5,0.351112606128591,0.460383297944477,0.925054180266929,0.000464478468589102,1543.0625
3,-0.525831905516601,0.416499632421234,0.303666959892184,4.06857003643069e-09,4192.7534
2,-0.934338094503246,0.422781859633178,0.0704455364893262,1.50425227829487e-11,16276.972
4,-0.113577745652717,0.432588879193406,0.6766038650032,2.13118915004529e-06,23450.01
0,-1.77684147405158,0.653146318479555,0,0,22115.977
3,-0.525831905516601,0.416499632421234,0.303666959892184,4.06857003643069e-09,8800.0732
3,-0.525831905516601,0.416499632421234,0.303666959892184,4.06857003643069e-09,1644.8672
3,-0.525831905516601,0.416499632421234,0.303666959892184,4.06857003643069e-09,6578.2588
0,-1.77684147405158,0.653146318479555,0,0,1795.5624
0,-1.77684147405158,0.653146318479555,0,0,1640.0839
0,-1.77684147405158,0.653146318479555,0,0,1360.2865
2,-0.934338094503246,0.422781859633178,0.0704455364893262,1.50425227829487e-11,1107.2804
0,-1.77684147405158,0.653146318479555,0,0,1495.0782
0,-1.77684147405158,0.653146318479555,0,0,1443.0607
4,-0.113577745652717,0.432588879193406,0.6766038650032,2.13118915004529e-06,1079.0913
0,-1.77684147405158,0.653146318479555,0,0,5831.7051
0,-1.77684147405158,0.653146318479555,0,0,8936.7295
4,-0.113577745652717,0.432588879193406,0.6766038650032,2.13118915004529e-06,13138.601
2,-0.934338094503246,0.422781859633178,0.0704455364893262,1.50425227829487e-11,7904.4639
1,-1.40725905801574,0.500290314736221,0.014274925886527,2.65848454361617e-11,5820.2051
0,-1.77684147405158,0.653146318479555,0,0,1509.7909
1,-1.40725905801574,0.500290314736221,0.014274925886527,2.65848454361617e-11,1649.0369
2,-0.934338094503246,0.422781859633178,0.0704455364893262,1.50425227829487e-11,6778.3311
2,-0.934338094503246,0.422781859633178,0.0704455364893262,1.50425227829487e-11,4130.0151
2,-0.934338094503246,0.422781859633178,0.0704455364893262,1.50425227829487e-11,4130.0151
